{
  "timesteps": [],
  "episode_rewards": [],
  "episode_lengths": [],
  "policy_losses": [
    -0.013621839755069231,
    -0.010117522726068274,
    -0.0077844094754254915,
    -0.00617056982810027,
    -0.005253708591044415,
    -0.002898439418640919,
    -0.0017130228123278357,
    -0.0007993253246240783,
    -0.001350642746911035,
    -0.0014345848627272061,
    -0.0007104661250195932,
    -0.001126841148652602,
    -0.000771254252322251,
    -0.0008436415180767653,
    -0.0002435986052660155,
    -0.004688051363336854,
    -0.0008257822133600712,
    0.0006855065650597681,
    -6.901297192598576e-05,
    7.63341951824259e-05,
    -0.0022767438003029384,
    -0.0004447082290425897,
    -0.0008738839227589778,
    -0.0024619930612971076,
    -0.0003235957101423992,
    0.000394485607102979,
    2.8591108275577427e-06,
    -0.0006717297779687215,
    0.00044661114989139603,
    -0.0011501463697641157,
    0.0004267682077625068,
    -0.0004754925874294713,
    0.00045476228260667997,
    1.3671899068867787e-06,
    -0.0013187812699470669,
    0.0005664730144417263,
    -0.0003700964763993397,
    -0.0011833328899228945,
    0.0010585844269371592,
    -0.00028599722136277703,
    -0.0009345894293801393,
    -0.00048068007454276084,
    0.00044456974137574434,
    0.0004130813656956889,
    -0.00027244720949965996,
    -0.0010306219512131066,
    -0.00027230779887759126,
    -0.00028325220046099275,
    -8.916243859857786e-05
  ],
  "value_losses": [
    3.856834206357598,
    3.5542369347065685,
    4.27577514462173,
    5.954053727537394,
    5.552126410603523,
    5.97753294557333,
    5.539182074368,
    4.857185276597738,
    5.761215706169605,
    6.209782078117132,
    6.4281395137310025,
    6.516489864140749,
    7.111416372656822,
    7.361006102710962,
    6.689226497709751,
    7.714011461287737,
    6.596954242140055,
    7.8460978664457794,
    7.6471380442380905,
    7.542221576720476,
    6.792099219560623,
    8.588423620909452,
    7.210574714094401,
    6.927412685751915,
    7.373254606127739,
    7.608142071217299,
    7.676068551838398,
    7.136670657247305,
    8.2574961386621,
    7.989369964599609,
    7.44360224455595,
    7.86660807877779,
    6.576704292744398,
    7.877992890775204,
    7.201983869075775,
    8.012384985387325,
    8.895366991311311,
    7.852383504807949,
    7.969252013415098,
    7.501787058264017,
    8.685812194645404,
    7.712253476679325,
    6.355177027732134,
    8.80206885933876,
    6.9273002535104755,
    7.979273995012045,
    7.395624693483114,
    5.480188449472189,
    7.943506675213575
  ],
  "entropy_losses": [
    -0.008834486117120833,
    -0.008520883828168735,
    -0.00816148737212643,
    -0.0076283329530269835,
    -0.007460124397766776,
    -0.007387578958878293,
    -0.006747390139207709,
    -0.007028528027876746,
    -0.006651948791113682,
    -0.006271694606402889,
    -0.006380666462064255,
    -0.006092996064398904,
    -0.005404150851245504,
    -0.005954095014021732,
    -0.0058067503312486226,
    -0.0054109623888507485,
    -0.005437965823512058,
    -0.005736823428014759,
    -0.005293265359796351,
    -0.00588972500700038,
    -0.005130038158677052,
    -0.004988792758376803,
    -0.005097100131388288,
    -0.005098483389883768,
    -0.005176766065414995,
    -0.005563348761643283,
    -0.005329349382373038,
    -0.005709852086874889,
    -0.005495360858913045,
    -0.0051151291001588104,
    -0.00529316916508833,
    -0.005300790763430996,
    -0.004974312806734815,
    -0.0047275081131374465,
    -0.004504467316291993,
    -0.005060291980771581,
    -0.004496163763542426,
    -0.004741504599951441,
    -0.005214527456701035,
    -0.005815089029783849,
    -0.005275251123384806,
    -0.005092685508861905,
    -0.004850533261196688,
    -0.005370863585267216,
    -0.005008268151141237,
    -0.005048840669769561,
    -0.0053530398246948606,
    -0.0055427838407922534,
    -0.005106179910944775
  ],
  "avg_energy": [],
  "acceptance_rate": [],
  "sla_compliance": [],
  "rolling_reward": [],
  "training_time_seconds": 6286.807436943054
}