{
  "small": {
    "avg_acceptance_rate": 0.32720000000000005,
    "std_acceptance_rate": 0.010476640682967027,
    "avg_energy_kwh": 0.132760819896329,
    "std_energy_kwh": 0.011716707569755284,
    "avg_capacity_rejections": 131.0,
    "avg_policy_rejections": 205.4,
    "capacity_rejection_ratio": 0.38958584122438655
  },
  "medium": {
    "avg_acceptance_rate": 0.48919999999999997,
    "std_acceptance_rate": 0.01769067550999678,
    "avg_energy_kwh": 0.3244300301149382,
    "std_energy_kwh": 0.03751851787452681,
    "avg_capacity_rejections": 139.4,
    "avg_policy_rejections": 116.0,
    "capacity_rejection_ratio": 0.5469715104507367
  },
  "large": {
    "avg_acceptance_rate": 0.6656,
    "std_acceptance_rate": 0.00542586398650022,
    "avg_energy_kwh": 0.5512895349821404,
    "std_energy_kwh": 0.01906780610504364,
    "avg_capacity_rejections": 124.4,
    "avg_policy_rejections": 42.8,
    "capacity_rejection_ratio": 0.7442599467064774
  },
  "high_load": {
    "avg_acceptance_rate": 0.2572,
    "std_acceptance_rate": 0.01970177656963961,
    "avg_energy_kwh": 0.14331205140779785,
    "std_energy_kwh": 0.019185571206150175,
    "avg_capacity_rejections": 145.0,
    "avg_policy_rejections": 226.4,
    "capacity_rejection_ratio": 0.39092856385457714
  },
  "stress_test": {
    "avg_acceptance_rate": 0.13040000000000002,
    "std_acceptance_rate": 0.006374950980203696,
    "avg_energy_kwh": 0.05625133765584569,
    "std_energy_kwh": 0.011928138743751135,
    "avg_capacity_rejections": 130.6,
    "avg_policy_rejections": 304.2,
    "capacity_rejection_ratio": 0.30032616345445773
  }
}