{
  "small": {
    "avg_acceptance_rate": 0.29040000000000005,
    "std_acceptance_rate": 0.015252540771950086,
    "avg_energy_kwh": 0.10908703007213108,
    "std_energy_kwh": 0.01632514612616517,
    "avg_capacity_rejections": 131.4,
    "avg_policy_rejections": 223.4,
    "capacity_rejection_ratio": 0.37037979813035354
  },
  "medium": {
    "avg_acceptance_rate": 0.5115999999999999,
    "std_acceptance_rate": 0.026302851556437776,
    "avg_energy_kwh": 0.26163675546174214,
    "std_energy_kwh": 0.04773907071486069,
    "avg_capacity_rejections": 138.2,
    "avg_policy_rejections": 106.0,
    "capacity_rejection_ratio": 0.5674032100258991
  },
  "large": {
    "avg_acceptance_rate": 0.7023999999999999,
    "std_acceptance_rate": 0.021740285186721886,
    "avg_energy_kwh": 0.36968874693860665,
    "std_energy_kwh": 0.03514539127658656,
    "avg_capacity_rejections": 118.2,
    "avg_policy_rejections": 30.6,
    "capacity_rejection_ratio": 0.7949061662437529
  },
  "high_load": {
    "avg_acceptance_rate": 0.2884,
    "std_acceptance_rate": 0.03402116987994387,
    "avg_energy_kwh": 0.09827670443061255,
    "std_energy_kwh": 0.022480346657243383,
    "avg_capacity_rejections": 154.0,
    "avg_policy_rejections": 201.8,
    "capacity_rejection_ratio": 0.43311263163989355
  },
  "stress_test": {
    "avg_acceptance_rate": 0.158,
    "std_acceptance_rate": 0.013206059215375345,
    "avg_energy_kwh": 0.022173094436286785,
    "std_energy_kwh": 0.007023510867275903,
    "avg_capacity_rejections": 137.0,
    "avg_policy_rejections": 284.0,
    "capacity_rejection_ratio": 0.32565701893760607
  }
}