{
  "small": {
    "avg_acceptance_rate": 0.3096,
    "std_acceptance_rate": 0.02447529366524537,
    "avg_energy_kwh": 0.13517903560625166,
    "std_energy_kwh": 0.01221943804982566,
    "avg_capacity_rejections": 128.0,
    "avg_policy_rejections": 217.2,
    "capacity_rejection_ratio": 0.37229186689859634
  },
  "medium": {
    "avg_acceptance_rate": 0.5064,
    "std_acceptance_rate": 0.01989572818471344,
    "avg_energy_kwh": 0.35993954981180576,
    "std_energy_kwh": 0.024077568154663376,
    "avg_capacity_rejections": 145.6,
    "avg_policy_rejections": 101.2,
    "capacity_rejection_ratio": 0.5910816022396608
  },
  "large": {
    "avg_acceptance_rate": 0.6528,
    "std_acceptance_rate": 0.03016222803441416,
    "avg_energy_kwh": 0.5052021228615317,
    "std_energy_kwh": 0.03740498834058699,
    "avg_capacity_rejections": 129.4,
    "avg_policy_rejections": 44.2,
    "capacity_rejection_ratio": 0.747985637301011
  },
  "high_load": {
    "avg_acceptance_rate": 0.27,
    "std_acceptance_rate": 0.008671793355471509,
    "avg_energy_kwh": 0.1374993766637486,
    "std_energy_kwh": 0.007999148306938915,
    "avg_capacity_rejections": 148.2,
    "avg_policy_rejections": 216.8,
    "capacity_rejection_ratio": 0.4060379731580571
  },
  "stress_test": {
    "avg_acceptance_rate": 0.132,
    "std_acceptance_rate": 0.006572670690062,
    "avg_energy_kwh": 0.055743440099851826,
    "std_energy_kwh": 0.01177465604073615,
    "avg_capacity_rejections": 131.8,
    "avg_policy_rejections": 302.2,
    "capacity_rejection_ratio": 0.3036178725947907
  }
}