{"episode_rewards": [-74.88759765625005, -67.34351562500001, -121.68572265624996, -93.6737109374999, -76.53528154052562, -100.78980468749998, -63.34433593750007, -63.2089327591319, -76.0210937499999, -79.05183767491086, -99.85927734374988, -80.48712890624995, -97.7062499999999, -79.21453125000001, -61.627031249999995, -98.48595703124994, -56.75832031249992, -64.15148437500001, -68.22554687499994, -71.86084607605449, -68.01003906250006, -46.3031640625, -36.13564453125001, -47.960820312500005, -91.66917125674782, -117.49062499999992, -88.06996093749999, -85.25517578125002, -62.625742187499974, -75.86322265624999, -46.35972656249999, -78.15266631731997, -111.92013671874999, -92.88560546874993, -62.57953125000003, -82.00349609374996, -90.30298828125001, -5.886269531249992, -100.48630859375007, -74.59132812500006, -102.63523437499997, -69.9465625, -75.33789062499999, -63.003964843750055, -62.88953961621384, -81.89160156249999, -61.03722656249996, -90.15488281250006, -56.146191406249976, -64.8204296875, -77.94400390624997, -45.80492187499996, -111.96947265624975, -47.51414062500007, -43.20503906249999, -57.731171874999966], "episode_lengths": [], "policy_losses": [-0.015427784134226385, -0.014660060983078437, -0.01112513450316328, -0.00913744766221498, -0.004947262757195858, -0.005130513622134458, -0.0017935000782017597, -0.002290170915875933, -0.002390379644202767, -0.0021886003343752234, -0.0005256900120002683, -0.0014764208786800736, 0.00011762485373765231, -0.000985268212389201, -0.0004258210421539843, -0.0002500097943993751, -0.00031246496582753024, -9.220075953635387e-05, -0.00033457161734986587, -0.0007994203842827119, -4.791184619534761e-06, -0.00019161536474712192, -0.00047584031090082136, -9.221949439961464e-05, -0.0001270305561774876, -8.22248388431035e-05, -8.765556704020128e-05, -0.00014966088565415703, -0.000208647976978682, -0.00011857353383675218, -0.00026597010619298087, -9.555277247272898e-05, -2.3332373530138285e-06, -0.0005349996259610635, -3.957099852414103e-05, -3.707198629854247e-06, 3.8140235119499268e-06, -7.252368232002482e-05, -9.546112414682284e-05, -5.180504740565084e-05, -0.0003191255789715797, 1.6275045345537366e-05, -0.0005223084954195656, -0.00043676890709321015, -0.00012373303907224907, -0.00017861489905044437, -7.89390309364535e-05, -0.00017302820342592894, -0.0005874405454960651, -1.7329902402707375e-05, -0.0016261219818261452, -0.0005573981390625705, -0.0004205970915791113, -1.0153462062589824e-05, -0.0003797339035372715, -0.0005784005137684289, -0.0003357594341650838, -0.00017344063380733132, -0.00011859372461913154, -0.0010707952620577998, -0.0004044105480716098, -0.0005604694903013297], "value_losses": [57.99509866325561, 10.805153488678977, 7.741762882745211, 9.943044988126266, 10.031335922754364, 10.789502192580414, 10.77172448907654, 14.587994676295105, 12.51732074581284, 7.820975389605168, 7.734135291352176, 8.23063611231056, 10.932717796942905, 7.565018199891253, 10.435887999096497, 14.852376054060565, 8.247090702236411, 11.045123231963538, 10.085282497874942, 8.036277465606627, 10.66565993981435, 7.728167919425483, 9.782759337730592, 14.873939792386324, 9.812974826301865, 10.51836747626963, 8.177496371285176, 9.64147422091151, 10.032639496536692, 9.802761057298508, 8.901996339908244, 17.032488309263574, 9.614930646658141, 10.30875823565857, 8.785467363599867, 9.456181485944303, 7.227652071023519, 8.1901243050413, 10.093285995212181, 14.574748583298888, 8.509771290781515, 8.488431942411562, 8.212283302205762, 10.992108141518852, 11.047184194224382, 8.19876417386154, 9.949054994791672, 15.649678314194635, 9.34660968134155, 11.034756816545382, 8.578930530477855, 8.899945319667614, 9.145186199691748, 9.977540698979036, 9.023824079491892, 16.63797173350404, 11.608021943480674, 10.198350929623748, 9.92543923689045, 8.036491895825053, 9.273136105295468, 9.582985805506983], "entropy_losses": [0.621116157900542, 0.5059257882647217, 0.49337876718491314, 0.46662262436002494, 0.437049082107842, 0.4379199920222163, 0.4001594506204128, 0.3735129571519792, 0.4001647197175771, 0.3122615308035165, 0.3070091585628688, 0.265710461512208, 0.3019465402700007, 0.29952058410272003, 0.2658564373385161, 0.22885484772268683, 0.2623555423691869, 0.2831083104014397, 0.26641170312650503, 0.2475752635858953, 0.268978649424389, 0.24964919611811637, 0.2682616082020104, 0.2784032352734357, 0.26560127348639073, 0.27462500692345204, 0.2510339719709009, 0.25438668951392174, 0.29794068206101654, 0.2522829885594547, 0.2254700731020421, 0.24180625849403442, 0.28112323647364973, 0.23785069356672467, 0.2532661711331457, 0.22577240797691048, 0.23689039782620966, 0.2525803153868765, 0.2455524592194706, 0.25925696138292553, 0.2786462263669819, 0.2463211903348565, 0.24943550219759344, 0.26544464817270635, 0.25887085595168174, 0.26538256029598417, 0.2463494747877121, 0.24561282712966204, 0.29045373941771685, 0.24283108972012996, 0.2634495068807155, 0.20458173025399445, 0.22251457325182855, 0.21540796712506563, 0.21721558205317706, 0.2498883148189634, 0.26648172484710814, 0.25294696823693813, 0.2369694158434868, 0.22897005276754498, 0.22735732649452983, 0.1991968404734507]}