{"episode_rewards": [-73.97287109375003, -98.20808593749999, -75.21671875000008, -57.07648437500003, -100.68908203124988, -141.30796875000004, -80.84718749999996, -103.96904296874993, -86.88150390624996, -91.60745194620237, -84.49458984374998, -65.29792968750006, -66.81281249999999, -71.73906249999989, -77.85875000000001, -51.93011718750002, -111.68060546874999, -85.41601500754018, -59.34947265625002, -48.60802450009186, -68.85699218749997, -70.33154296874999, -73.16753297519125, -97.80802734375008, -109.11773437499988, -92.42503906249992, -27.02103515625003, -85.40427734375002, -106.51638671874997, -112.04310546875011, -69.07064453125003, -66.5015429687501, -53.18494140625, -85.39927734375006, -67.25943359375, -72.6287890625001, -110.26597656250001, -73.45687500000008, -35.840403658624005, -48.18218749999999, -55.52974609375004, -66.53097656250006, -57.48658203124996, -47.40894531249993, -84.00205078125, -117.67050781249984, -75.67880859375008, -56.90636718750002, -27.43152343750002, -74.37072265624994, -108.27279296875007, -75.66957031249996, -46.64965687067054, -102.80892578124988, -70.87578125000007, -55.30857421874996], "episode_lengths": [], "policy_losses": [-0.017048695171251894, -0.011207494519476313, -0.010555664972343948, -0.007291746033297386, -0.004296997185156215, -0.006621984755111043, -0.0012369461575872265, -0.0005182048171263887, -0.0009645495047152508, -0.0016480895701533882, -0.001684428880980704, -0.0025474126543485907, -0.001273751657572575, 9.246102345059626e-05, -0.00047194843500619754, -5.895939029869624e-05, -0.0005351255425921408, -0.00023185626887425314, -0.0002794874813844217, -0.0005190063850022853, -0.0002705838138354011, -0.0009020706893352326, 1.3741260772803798e-05, -1.6929796402109787e-05, -4.9881004088092595e-05, -0.0015966000384651125, -0.003261087599094026, -0.0003683191447635181, 0.00012666473630815745, 0.00028203908004797995, -0.0003042723117687274, 1.398522435920313e-05, -0.00021785799326607959, -0.00033626094736973757, -0.0007422296032018494, 0.0005733171812607907, -0.0009963810509361793, -0.00028544847591547293, -0.0001655528427363606, -2.6112658088095485e-05, -0.00013195353094488382, -0.00235126098850742, 0.0010010554549808148, 6.29992711765226e-05, -0.0008013104110432323, -0.00013046361636952496, -0.0023570638491946737, -0.0001958629654836841, -0.0010342172798118554, -0.0002486723591573536, -0.0007182896782978787, -0.0014149452741548884, -0.0012795771597666316, 2.1109489898663016e-05, -0.00024118398723658175, -0.000392267647839617, -5.5380747653543946e-06, -6.514083397632931e-05, 4.975893825758249e-05, 0.0005567499407334253, -0.0006228469268535264, -0.0006441346515202895], "value_losses": [27.401517123054013, 9.499644484047394, 8.209030355462687, 9.319853432448086, 10.647752494996233, 11.729962891169341, 9.794456451956007, 13.883893086592048, 10.536587298747355, 10.237542430851592, 9.348511920953788, 9.05029094018821, 9.782048432398533, 9.768019629668627, 10.2706852956601, 17.109510111541187, 9.470880549882748, 9.85959998391577, 9.241796283895578, 11.180887363781512, 10.02690910331209, 8.633179962699637, 8.615611452832592, 15.665151729626377, 10.47109490669712, 8.388474026627591, 10.743084957951336, 10.203013316099428, 10.608877013010112, 8.883629234328735, 9.068212761762616, 15.853554050198687, 9.481516772377514, 9.205108753323126, 10.779222175092142, 8.679103881204878, 8.572086979306357, 8.414580849855254, 9.65659143312161, 14.013387021098373, 12.480832162069154, 9.15881156597805, 12.528949675913665, 10.609411156366447, 10.823477820114144, 10.115108489183482, 9.405961158356611, 13.0526701076204, 8.47517253487323, 10.797880080323567, 7.928714166360107, 8.422144296860683, 8.238170531685101, 11.753302018764183, 9.07418476578517, 16.167446362386563, 9.435515403693577, 8.429442042975765, 8.138338556918637, 8.062420043088714, 6.737185609504181, 9.052130721684131], "entropy_losses": [0.6005665857344866, 0.5038891884498298, 0.47213734705001115, 0.44823074117302897, 0.4671028384938836, 0.4295661638490856, 0.3760213743895292, 0.32239555604755876, 0.35123614775948225, 0.33439745171926916, 0.32997706467285753, 0.3093601925764233, 0.3053627212997526, 0.32150467014871537, 0.30475668599829076, 0.2713968295138329, 0.2956733853556216, 0.30041838618926703, 0.2667489612940699, 0.25833750534802674, 0.27663543792441486, 0.26154184197075664, 0.23533363288734108, 0.22328060755971818, 0.24196858857758344, 0.2116508637322113, 0.24833782161585988, 0.22863159333355726, 0.23223625980317592, 0.22393100624904036, 0.2163103365805, 0.21996914227493108, 0.2650092573370785, 0.19801321979612113, 0.2065750946290791, 0.18780982515309005, 0.2068519427673891, 0.21359041514806448, 0.20361281766090542, 0.194963425421156, 0.2385163671337068, 0.2003459808183834, 0.2328151932451874, 0.2170206327456981, 0.18782034935429692, 0.21865127757191657, 0.17353087328374386, 0.1772751203738153, 0.1661252795252949, 0.16513113765977322, 0.15633955025114118, 0.1430238490924239, 0.1394677874399349, 0.16641856122296303, 0.1410161732463166, 0.14583661598153413, 0.15809465101920067, 0.12684400799917056, 0.1518787239678204, 0.14358397745527327, 0.15226183673366905, 0.15400841271039098]}