{
  "timesteps": [
    0,
    100,
    200,
    300,
    400,
    500,
    600,
    700,
    800,
    900,
    1000,
    1100,
    1200,
    1300,
    1400,
    1500,
    1600,
    1700,
    1800,
    1900,
    2000,
    2100,
    2200,
    2300,
    2400,
    2500,
    2600,
    2700,
    2800,
    2900,
    3000,
    3100,
    3200,
    3300,
    3400,
    3500,
    3600,
    3700,
    3800,
    3900,
    4000,
    4100,
    4200,
    4300,
    4400,
    4500,
    4600,
    4700,
    4800,
    4900,
    5000,
    5100,
    5200,
    5300,
    5400,
    5500,
    5600,
    5700,
    5800,
    5900,
    6000,
    6100,
    6200,
    6300,
    6400,
    6500,
    6600,
    6700,
    6800,
    6900,
    7000,
    7100,
    7200,
    7300,
    7400,
    7500,
    7600,
    7700,
    7800,
    7900,
    8000,
    8100,
    8200,
    8300,
    8400,
    8500,
    8600,
    8700,
    8800,
    8900,
    9000,
    9100,
    9200,
    9300,
    9400,
    9500,
    9600,
    9700,
    9800,
    9900
  ],
  "episode_rewards": [
    23.436381731320335,
    19.002984412418314,
    20.145722607573273,
    23.63034337203247,
    35.83510659809651,
    48.04367585242348,
    23.80373371121927,
    27.111333613689915,
    23.741670900102687,
    26.24519195683445,
    28.397387976875855,
    35.30095376739225,
    20.82643506064464,
    23.361333320470045,
    43.978393466833836,
    29.09765260295643,
    29.30489041580362,
    21.512464713314234,
    22.877214831094147,
    9.618155844626479,
    26.650477249105283,
    13.453547318552243,
    32.86192289438411,
    31.9360358391877,
    16.421358494145014,
    21.518917262585873,
    32.657397912658475,
    17.203773554243984,
    38.46956054161437,
    26.748145585175664,
    28.495124736659953,
    39.30764974104468,
    27.045432739049524,
    38.34704835358296,
    35.09836677266711,
    40.624486589118895,
    37.814606001157536,
    41.922771136048695,
    42.123650419050385,
    20.739584079446047,
    44.932128851956946,
    28.130561973911203,
    56.955900157454884,
    49.93679767514484,
    16.127338977429662,
    41.58309858101765,
    46.45962899723905,
    42.59997412599587,
    28.1376817526397,
    40.59939563883964,
    41.448468300535936,
    23.82359023530962,
    26.489031265198065,
    8.456237732369692,
    58.78540294441751,
    51.38519023025009,
    47.40345045153461,
    50.85202216322501,
    31.494134187182716,
    27.92602825946286,
    51.85858131331328,
    43.26091109386157,
    34.93538392138807,
    51.8685571478854,
    24.29125139590731,
    37.13702191544477,
    52.44711174486232,
    48.03735787395396,
    41.66960716337244,
    33.051804131585726,
    54.37352096382979,
    43.03621787480232,
    35.559072399541186,
    27.509641893808787,
    39.562689467618966,
    52.43876822542072,
    45.50930399397585,
    19.672730797102467,
    39.998906883882405,
    42.96497257373469,
    38.4525563681864,
    16.968457049673308,
    35.115687516902454,
    69.5741335173601,
    32.82198590992171,
    45.13237311761332,
    38.65807012847884,
    56.408310273947215,
    51.125603772626626,
    41.74819278714862,
    44.562720457394455,
    46.70219581906315,
    42.59866807652603,
    44.94895855434206,
    44.231472941224496,
    38.74771698513798,
    31.99107342256043,
    34.18943989720415,
    65.64441396600479,
    50.35886824806499
  ],
  "episode_lengths": [
    100,
    100,
    100,
    100,
    100,
    100,
    100,
    100,
    100,
    100,
    100,
    100,
    100,
    100,
    100,
    100,
    100,
    100,
    100,
    100,
    100,
    100,
    100,
    100,
    100,
    100,
    100,
    100,
    100,
    100,
    100,
    100,
    100,
    100,
    100,
    100,
    100,
    100,
    100,
    100,
    100,
    100,
    100,
    100,
    100,
    100,
    100,
    100,
    100,
    100,
    100,
    100,
    100,
    100,
    100,
    100,
    100,
    100,
    100,
    100,
    100,
    100,
    100,
    100,
    100,
    100,
    100,
    100,
    100,
    100,
    100,
    100,
    100,
    100,
    100,
    100,
    100,
    100,
    100,
    100,
    100,
    100,
    100,
    100,
    100,
    100,
    100,
    100,
    100,
    100,
    100,
    100,
    100,
    100,
    100,
    100,
    100,
    100,
    100,
    100
  ],
  "policy_losses": [
    -0.024155717130634004,
    -0.01025534418731695,
    -0.009148815584194381,
    -0.007240359245042782,
    -0.003158180864431478
  ],
  "value_losses": [
    4.585903060063719,
    4.133202266693115,
    7.178565517067909,
    7.417035506665707,
    10.229593508819054
  ],
  "entropy_losses": [
    -0.009819289555889555,
    -0.009451778474613093,
    -0.009230870874307583,
    -0.008651150627702008,
    -0.008623503098778169
  ],
  "avg_energy": [],
  "acceptance_rate": [],
  "sla_compliance": [],
  "rolling_reward": [
    35.974012580609894
  ],
  "training_time_seconds": 320.8257644176483
}