{
  "small": {
    "avg_acceptance_rate": 0.3096,
    "std_acceptance_rate": 0.02447529366524537,
    "avg_energy_kwh": 0.13517903560625166,
    "std_energy_kwh": 0.01221943804982566,
    "avg_capacity_rejections": 128.0,
    "avg_policy_rejections": 217.2,
    "capacity_rejection_ratio": 0.37229186689859634
  },
  "medium": {
    "avg_acceptance_rate": 0.4888,
    "std_acceptance_rate": 0.02908195316686966,
    "avg_energy_kwh": 0.350053789052195,
    "std_energy_kwh": 0.020152566734296887,
    "avg_capacity_rejections": 143.0,
    "avg_policy_rejections": 112.6,
    "capacity_rejection_ratio": 0.5591324781112442
  },
  "large": {
    "avg_acceptance_rate": 0.6448,
    "std_acceptance_rate": 0.02448182999695899,
    "avg_energy_kwh": 0.5144317261573441,
    "std_energy_kwh": 0.02892154737519825,
    "avg_capacity_rejections": 135.8,
    "avg_policy_rejections": 41.8,
    "capacity_rejection_ratio": 0.7672834502953233
  },
  "high_load": {
    "avg_acceptance_rate": 0.26280000000000003,
    "std_acceptance_rate": 0.013775340286178064,
    "avg_energy_kwh": 0.1385149331490516,
    "std_energy_kwh": 0.008625889548105534,
    "avg_capacity_rejections": 150.8,
    "avg_policy_rejections": 217.8,
    "capacity_rejection_ratio": 0.40927876497573934
  },
  "stress_test": {
    "avg_acceptance_rate": 0.13,
    "std_acceptance_rate": 0.005932958789676536,
    "avg_energy_kwh": 0.05783228606794745,
    "std_energy_kwh": 0.013822028326704509,
    "avg_capacity_rejections": 134.2,
    "avg_policy_rejections": 300.8,
    "capacity_rejection_ratio": 0.3084805548206285
  }
}