{
  "results": {
    "single_preset": {
      "small": {
        "acceptance_rate": 0.2924,
        "avg_energy_kwh": 0.10596622554244069,
        "std_energy_kwh": 0.020482993332073155,
        "energy_per_task": 0.0007276509684409896,
        "capacity_rejections": 127.2,
        "policy_rejections": 226.6,
        "total_tasks": 2500,
        "total_accepted": 731
      },
      "medium": {
        "acceptance_rate": 0.5312,
        "avg_energy_kwh": 0.2602840019443612,
        "std_energy_kwh": 0.024531764279905617,
        "energy_per_task": 0.0009806079799258849,
        "capacity_rejections": 132.4,
        "policy_rejections": 102.0,
        "total_tasks": 2500,
        "total_accepted": 1328
      },
      "large": {
        "acceptance_rate": 0.6944,
        "avg_energy_kwh": 0.397446876264589,
        "std_energy_kwh": 0.05163831273158743,
        "energy_per_task": 0.001141372131767684,
        "capacity_rejections": 111.0,
        "policy_rejections": 41.8,
        "total_tasks": 2500,
        "total_accepted": 1736
      },
      "high_load": {
        "acceptance_rate": 0.2724,
        "avg_energy_kwh": 0.11379564329943541,
        "std_energy_kwh": 0.02061601794309759,
        "energy_per_task": 0.0008657886283197358,
        "capacity_rejections": 160.2,
        "policy_rejections": 203.6,
        "total_tasks": 2500,
        "total_accepted": 681
      },
      "stress_test": {
        "acceptance_rate": 0.1504,
        "avg_energy_kwh": 0.049719204290854954,
        "std_energy_kwh": 0.013733061012442689,
        "energy_per_task": 0.0006707037317730721,
        "capacity_rejections": 132.2,
        "policy_rejections": 292.6,
        "total_tasks": 2500,
        "total_accepted": 376
      },
      "training_reward": 412.20085397594204
    },
    "domain_random": {
      "small": {
        "acceptance_rate": 0.3348,
        "avg_energy_kwh": 0.07002071661238563,
        "std_energy_kwh": 0.012740555532487114,
        "energy_per_task": 0.0004360054474642326,
        "capacity_rejections": 119.8,
        "policy_rejections": 212.8,
        "total_tasks": 2500,
        "total_accepted": 837
      },
      "medium": {
        "acceptance_rate": 0.5104,
        "avg_energy_kwh": 0.2748393141398281,
        "std_energy_kwh": 0.027865470884575,
        "energy_per_task": 0.001080795209460311,
        "capacity_rejections": 137.8,
        "policy_rejections": 107.0,
        "total_tasks": 2500,
        "total_accepted": 1276
      },
      "large": {
        "acceptance_rate": 0.684,
        "avg_energy_kwh": 0.4258732076475039,
        "std_energy_kwh": 0.053322768248271674,
        "energy_per_task": 0.0012485842056273273,
        "capacity_rejections": 117.2,
        "policy_rejections": 40.8,
        "total_tasks": 2500,
        "total_accepted": 1710
      },
      "high_load": {
        "acceptance_rate": 0.2828,
        "avg_energy_kwh": 0.12302372761637145,
        "std_energy_kwh": 0.030584355407516618,
        "energy_per_task": 0.0008882257436573698,
        "capacity_rejections": 158.2,
        "policy_rejections": 200.4,
        "total_tasks": 2500,
        "total_accepted": 707
      },
      "stress_test": {
        "acceptance_rate": 0.1648,
        "avg_energy_kwh": 0.04174584362999285,
        "std_energy_kwh": 0.01811541633697396,
        "energy_per_task": 0.0005047955779379042,
        "capacity_rejections": 130.4,
        "policy_rejections": 287.2,
        "total_tasks": 2500,
        "total_accepted": 412
      },
      "training_reward": 494.4423869013918
    }
  },
  "comparison": {
    "presets": {
      "small": {
        "single_preset_acceptance": 0.2924,
        "domain_random_acceptance": 0.3348,
        "improvement_pct": 14.50068399452804
      },
      "medium": {
        "single_preset_acceptance": 0.5312,
        "domain_random_acceptance": 0.5104,
        "improvement_pct": -3.9156626506024175
      },
      "large": {
        "single_preset_acceptance": 0.6944,
        "domain_random_acceptance": 0.684,
        "improvement_pct": -1.4976958525345572
      },
      "high_load": {
        "single_preset_acceptance": 0.2724,
        "domain_random_acceptance": 0.2828,
        "improvement_pct": 3.8179148311306976
      },
      "stress_test": {
        "single_preset_acceptance": 0.1504,
        "domain_random_acceptance": 0.1648,
        "improvement_pct": 9.57446808510638
      }
    },
    "avg_improvement_pct": 4.495941681525629
  }
}