{
  "seed": 42,
  "domain_preset": "mixed_capacity",
  "presets": [
    "small",
    "medium",
    "large"
  ],
  "curriculum": false,
  "timesteps": 100000,
  "training_time_sec": 6386.550423622131,
  "episodes_completed": 48,
  "final_reward": 563.7658461634784,
  "avg_reward_last_100": 441.91425653144967,
  "model_path": "results/academic_v4/models/domain_random/model_mixed_capacity.pth",
  "policy_losses": [
    -3.692803766170982e-05,
    -0.0006302857596892864,
    -0.0003449317795457318,
    -0.0016006931669835466,
    -0.0009478244654019363,
    -0.0006335093427878747,
    -0.0020839206117670983,
    -0.0029025824966083746,
    -0.0005607039423921378,
    0.0004151821619382611
  ],
  "value_losses": [
    6.350088397413492,
    6.2739999607205394,
    7.869924134016037,
    6.479426723718643,
    6.590145230293274,
    8.670526014268399,
    9.019540475308895,
    8.461690907180309,
    7.970784387737512,
    6.95188459555308
  ]
}