{"episode_rewards": [-47.19001953125004, -73.14055664062487, -87.56368164062486, -75.26768554687507, -76.79093750000003, -64.85379882812494, -42.02435546875, -84.39838867187505, -70.04566406249995, -87.71571289062506, -44.40751953124996, -19.426611328124974, -17.964062499999972, -70.21566406250005, -48.929990234374976, -22.291005859375023, -59.28613281249995, -77.67356418293919, -56.38347656249998, -39.878876953125044, -63.66286606039144, -48.890312500000014, -53.92116210937501, -75.87192382812498, -89.02693492862288, -57.91893554687504, -51.48198242187501, -75.5044140625, -56.39291015624994, -74.45737304687492, -42.45111328125001, -63.63234374999995, -45.89615234375001, -32.01312500000001, -76.37580078125004, -55.85150390625003, -21.009122802294815, -45.429423828124975, -56.5956640625, -41.59584960937502, -64.65388671875, -50.39642578124996, -70.27564453125004, -76.79216796875001, -66.06520507812495, -44.085283203125044, -87.660791015625, -80.70645507812488, -65.735615234375, -50.806748046874965, -42.33418945312499, -27.932236328124997, -47.352685546874966, -66.1022735276808, -53.32257812500002, -57.29503906250001], "episode_lengths": [], "policy_losses": [-0.02156557970083668, -0.01877959245321108, -0.012279135020799003, -0.00889204081177013, -0.007827226196968694, -0.0033712002230458895, -0.0033677179359074215, -0.0006673177042102907, -0.0008287440927233547, -0.001340839326439891, -0.000857837582952925, -0.0008857977438310627, -0.0008168330277840141, -0.0007386545366898645, 0.0002547392392443726, -0.00037954974577587565, 0.00037474145065061746, -0.000792256704880856, -3.2752657716628164e-05, -0.00018119713458872866, -0.0007473465535440482, -0.0003736926184501499, -0.0009418191140866839, 0.00012158320896560326, -8.089840193861164e-05, 0.0002913685610110406, -0.0003838132477540057, -0.0003179874402121641, -0.0009694829961517826, -1.6095762839540838e-05, -0.002172645377140725, -0.0016908310739381705, 0.0008605324306699913, 0.0010411484297947026, 8.454704657196998e-05, -0.0011879431462148205, -0.0011313233939290513, -0.0010244803077512187, -0.0002757522383035393, -0.000477080320706591, -0.0003969499855884351, -0.0013787711257464252, -0.00024057115515461192, -0.00011109738697996363, -0.001260203312995145, -0.0005595064969384112, -0.0005561434227274731, -0.00015888790221652016, -0.0013880571437766775, 0.0010149108085897752, -0.00012947648137924262, -0.00023534173851658124, -0.0009534104654449038, -0.0005721981593524106, -8.836847482598386e-05, -0.0009059450887434651, -0.00033310630678897726, -0.0003852697544061812, -0.0008956861063779797, -0.0016869459657755214, -0.0007528590329457074, 5.7438198564341294e-05], "value_losses": [19.95913038819043, 9.644652694463527, 6.108198622168179, 7.106083312009138, 7.343411504657064, 6.961347280192039, 7.767064085784524, 11.42131895659602, 10.160645442815962, 8.946441513908042, 9.096711974587112, 7.284580684396938, 7.67538501063881, 8.34393377745239, 9.047593429855485, 12.590336033511369, 7.957663524499876, 9.166683621186724, 6.847880911101113, 8.892422095219937, 9.106800744640822, 7.178117986858384, 6.374022173978708, 14.112173406023299, 11.119232107331163, 8.089773427130662, 6.4680899242687815, 8.521847465664383, 8.49800495145638, 9.85779976432813, 7.38635872245506, 12.852726198071457, 7.961645561996148, 10.497468293901019, 8.382697889383298, 10.121734047881192, 7.332736602246287, 8.50049445294655, 9.101822449920217, 13.191345323309013, 9.910622702209947, 8.909351078819324, 6.699703710356284, 6.915947719681665, 9.99085929368034, 5.9932265100294675, 6.753264866456793, 10.26021411170951, 9.29456682837324, 11.486536855231076, 6.797941357242982, 9.136992667408759, 6.7760115076431235, 7.5671888549626285, 9.328836242383158, 12.415835645724997, 8.365237094641175, 10.730531757017513, 7.6306578752837355, 7.442368454571756, 7.458455470652055, 7.036331752510807], "entropy_losses": [0.624737688805908, 0.5479020315222443, 0.4788582195527852, 0.4244321805424988, 0.45409599859267474, 0.42807835144922135, 0.4039771668612957, 0.37889076145365835, 0.3316597542259842, 0.36276071788743136, 0.3718328606337309, 0.27359854937531053, 0.2890986301470548, 0.2784650525078177, 0.27065409575589, 0.248094271030277, 0.24339418283198028, 0.27640269938856366, 0.25208876468241215, 0.23087090961635112, 0.26756390924565493, 0.26930986074730756, 0.25984632899053395, 0.2605572514235973, 0.2419766523409635, 0.2505136207677424, 0.268106901505962, 0.2684754825662822, 0.2364914640551433, 0.24216711628250778, 0.2284672999056056, 0.21596083943732083, 0.24853558659087865, 0.21367089464329184, 0.22547467816621064, 0.20140260530170054, 0.19428451268468053, 0.20651179428678007, 0.20247743553481995, 0.20547984500881283, 0.21049199963454157, 0.22023450543638318, 0.14543706795666367, 0.16785129255149514, 0.19441592837683858, 0.1890420393785462, 0.2059241814771667, 0.1821794050047174, 0.17729796201456338, 0.16903013843111694, 0.16909084401559085, 0.15583631449844687, 0.15249353896360845, 0.13737592425895856, 0.12436498962342739, 0.1666610168060288, 0.16036220111418514, 0.1413202160038054, 0.1435715483617969, 0.1813831612933427, 0.1670630401931703, 0.16722539863549174]}