{
  "timesteps": [],
  "episode_rewards": [],
  "episode_lengths": [],
  "policy_losses": [
    -0.020323240297148003,
    -0.0073634032625705,
    -0.006187040037184488,
    -0.005546074498852249,
    -0.0009006528605823405,
    -0.0016966955685347785,
    -9.827872563619166e-05,
    -0.003551483433693647,
    0.00014036040374776348,
    -0.0023561112262541427,
    -0.0032008955131459516,
    -0.00233008619679822,
    -0.0008070658295764588,
    -0.0020590843465470242,
    0.00019114433162030763,
    -0.0007014547027210938,
    -0.0004860672852373682,
    -0.0006552236416609957,
    -0.0002591275915619917,
    -0.0008161431933331187,
    -0.0015637677948689087,
    0.00017677482683211564,
    -0.0010912150813965128,
    -0.001203940243431134,
    0.0004124484461499378,
    -0.00014967051974963398,
    -0.0001497495613875799,
    0.0002983052703712019,
    -0.002619525553745916,
    -0.0013481874120770954,
    -0.0004787440993823111,
    -0.002446062734816223,
    -0.0010783070596517065,
    -0.001347330827411497,
    -0.0007016648145508952,
    -0.0021633705371641556,
    -0.0008079079583694692,
    -0.0025583052665751893,
    -6.097116129240021e-05,
    -0.001941218657157151,
    -0.000578801252777339,
    -0.002443589735776186,
    -0.0015648788488761057,
    -0.000707016672095051,
    -0.004006253105762881,
    0.0005985779454931617,
    -0.000251040852162987,
    -0.002711512720270548,
    -0.0007405250798910856
  ],
  "value_losses": [
    4.216942373663187,
    4.119586480408907,
    6.401493164151907,
    6.292552203685045,
    7.483964987099171,
    10.078995750844479,
    9.302780044078826,
    11.975526252388955,
    12.69810456931591,
    11.603259167075157,
    18.71529017686844,
    15.633289048075676,
    15.184175346791744,
    14.239581818878651,
    14.475162422657013,
    14.277338777482509,
    15.613197207450867,
    12.670395381748676,
    13.844477212429046,
    16.001708045601845,
    16.526828849315642,
    12.45571958720684,
    13.579061678051948,
    13.362572844326497,
    16.71955679655075,
    11.746860563755035,
    15.430951268970967,
    14.497784414887429,
    15.576700663566589,
    14.648646873235702,
    12.834856720268727,
    14.988813573122025,
    13.147043754160403,
    15.112230263650417,
    12.316707912087441,
    13.237130431830883,
    15.5030013859272,
    15.062297773361205,
    13.36667746156454,
    14.561189652979374,
    15.442803210020065,
    14.896180550754071,
    15.495149943232537,
    15.42087044119835,
    13.197926215827465,
    16.1912038564682,
    17.448374277353288,
    16.381877991557122,
    16.03292108029127
  ],
  "entropy_losses": [
    -0.009884779134881682,
    -0.009597321483306586,
    -0.00895479215978412,
    -0.008379648502159397,
    -0.008212586626177654,
    -0.008602465357398614,
    -0.00803262895788066,
    -0.0073406987983617,
    -0.006969199728337117,
    -0.007233969171647914,
    -0.007236837463278789,
    -0.007089055339747574,
    -0.006382974289590493,
    -0.006087324747932143,
    -0.006326738369534723,
    -0.006604508166492451,
    -0.006503661318856757,
    -0.00660532511974452,
    -0.006613469617150258,
    -0.006219024096208159,
    -0.005922796764934901,
    -0.005953217108617537,
    -0.00632368786027655,
    -0.005863570915244054,
    -0.0063576222150004465,
    -0.006078297307249158,
    -0.006009737778367707,
    -0.006068183845491149,
    -0.006095362814085093,
    -0.006401159107917919,
    -0.006060895614791661,
    -0.006329240789636969,
    -0.005578342523222091,
    -0.005886400339659303,
    -0.005426354410155909,
    -0.005678920909849694,
    -0.005568089219741524,
    -0.005246808155061444,
    -0.005404704432294238,
    -0.00561117240722524,
    -0.005408015767170582,
    -0.005900141854363028,
    -0.0056673715473152695,
    -0.005695396767259808,
    -0.005841928544396069,
    -0.005811792679014616,
    -0.005680580312764505,
    -0.005557747023703996,
    -0.005916238026111386
  ],
  "avg_energy": [],
  "acceptance_rate": [],
  "sla_compliance": [],
  "rolling_reward": [],
  "training_time_seconds": 8289.007847547531
}